<?xml version="1.0" encoding="UTF-8"?>
<project-private xmlns="http://www.netbeans.org/ns/project-private/1">
    <editor-bookmarks xmlns="http://www.netbeans.org/ns/editor-bookmarks/2" lastBookmarkId="0"/>
    <open-files xmlns="http://www.netbeans.org/ns/projectui-open-files/2">
        <group>
            <file>file:/C:/Users/phils/OneDrive/Documents/NetBeansProjects/Chapter2Text%20Programs/src/example226.java</file>
            <file>file:/C:/Users/phils/OneDrive/Documents/NetBeansProjects/Chapter2Text%20Programs/src/example229ASCIICONVERT.java</file>
            <file>file:/C:/Users/phils/OneDrive/Documents/NetBeansProjects/Chapter2Text%20Programs/src/example216.java</file>
            <file>file:/C:/Users/phils/OneDrive/Documents/NetBeansProjects/Chapter2Text%20Programs/src/example215.java</file>
            <file>file:/C:/Users/phils/OneDrive/Documents/NetBeansProjects/Chapter2Text%20Programs/src/example230NUMSPACER.java</file>
            <file>file:/C:/Users/phils/OneDrive/Documents/NetBeansProjects/Chapter2Text%20Programs/src/example218.java</file>
            <file>file:/C:/Users/phils/OneDrive/Documents/NetBeansProjects/Chapter2Text%20Programs/src/example224.java</file>
            <file>file:/C:/Users/phils/OneDrive/Documents/NetBeansProjects/Chapter2Text%20Programs/src/example231MATHTABLE.java</file>
            <file>file:/C:/Users/phils/OneDrive/Documents/NetBeansProjects/Chapter2Text%20Programs/src/example232ODDEVENINTS.java</file>
            <file>file:/C:/Users/phils/OneDrive/Documents/NetBeansProjects/Chapter2Text%20Programs/src/example228.java</file>
            <file>file:/C:/Users/phils/OneDrive/Documents/NetBeansProjects/Chapter2Text%20Programs/src/example234WorldPopulationGrowth.java</file>
            <file>file:/C:/Users/phils/OneDrive/Documents/NetBeansProjects/Chapter2Text%20Programs/src/example227.java</file>
            <file>file:/C:/Users/phils/OneDrive/Documents/NetBeansProjects/Chapter2Text%20Programs/src/Product.java</file>
            <file>file:/C:/Users/phils/OneDrive/Documents/NetBeansProjects/Chapter2Text%20Programs/src/example217.java</file>
            <file>file:/C:/Users/phils/OneDrive/Documents/NetBeansProjects/Chapter2Text%20Programs/src/example225.java</file>
        </group>
    </open-files>
</project-private>
